relative_path,size_bytes,sha256
derived_inspection/cell_100_with_saved_output.nb.txt,35050,7f1b2e3e999fb01f074e4e4a930c9b96601f8981b4633739215cb485215f0154
derived_inspection/cell_31_with_saved_output.nb.txt,3106,43da49bf6a391c818076fd0e11856a8f1bf946cd7a0d5973f0ddbb29cfda2e95
derived_inspection/cell_37_with_saved_output.nb.txt,1664,46f777fe83da1d7f91df33b4c39943c16b951ef6bc4b553757a3d408c27c9ffd
derived_inspection/cell_40_with_saved_output.nb.txt,11037,ef1e2cf85ff0be6384df6a1563ee03cad6c870dcf405d3f4e64b58e0c1e33fe7
derived_inspection/cell_76_with_saved_output.nb.txt,32992,7f5639ad20924befc5babb633c0d0a2166e03b9ad28ea1fca1ded308d80f1dcb
derived_inspection/cell_77_with_saved_output.nb.txt,2337,a311d1176e41d2b55271fe79cf6c9860c34ac65821d0e2962ee0dfb7c12c977f
derived_inspection/cell_98_with_saved_output.nb.txt,5200,69e714c80778f6c234f77424393cea156c0029c7259f2b8ebf516e4f9b9a49fc
derived_inspection/figure3_saved_plot_lines.json,1535,0fd376570bd78160d75639284f346b583296f50a48661b359aff047483ea3dd5
derived_inspection/figure4_saved_plot_points.csv,484,d66208b856bccabfb3b93e4f9ef34b6148c4198c01054c678d5bd9ef228d5658
derived_inspection/notebook_input_cells.json,148554,c09b10b26e794ff41e48c531a3cbc4671e9a5b9bd9967358f13c8eba90cd5a2e
derived_inspection/numeric_verification.json,3946,b727fa4e0b4224b5fe4524610da059c501c2276c351517482023f3ad25654ede
git_snapshots/0789c90/code/CurvatureEstimator.wl,49832,e2b964e4235429e88e6f3895b20a0a230679bca6ecc7e3a73c3dd5b8b640fa59
git_snapshots/0789c90/LICENSE,1083,87e6c3acba92f28b20b631a899a7ed7c9dc7c8195e8a64ba1c680ca8c4ba48bc
git_snapshots/0789c90/results/tables/flamm_binned1000r3.csv,1504,2b5ea8ac7227484d1bf6561ed9f92fb6ce00fd455e8b35b92f6d32c7dcc05c25
git_snapshots/0789c90/results/tables/flamm_binned500r3.csv,1502,aa6fd90332268c46182bf4761ce1cf9e6e3a961c9e36c04901940b3e0f34c884
git_snapshots/0789c90/results/tables/k_sensitivity_matched_flat_flamm_N1000.csv,473,193ea524e32a7a7d568d4528a59e4b464e6d886c6a0185bc044893363974b06f
git_snapshots/0789c90/results/tables/k_sensitivity_matched_flat_flamm_N1000_raw.csv,1204,38e1da966dbae61716b20bbbb16ffade2eaa728ed60e267c325483c85cb781da
git_snapshots/0789c90/results/tables/matched_flat_binned1000r3.csv,1505,c3960a809bc2fa67ff8b65f45e1217bd274285d494778b8fabdd9dfecd950560
git_snapshots/0789c90/results/tables/matched_flat_flamm_seed_scan_N1000.csv,866,37b3b2b2f9e4f40814d7e9665fe11f8503177db648a902596376bfd3cc90167d
git_snapshots/0789c90/results/tables/matched_flat_flamm_seed_summary_N1000.csv,346,47ef9d82a980804c705fb18ef07e8a8829890b8987fadbd283276001307273bb
local_snapshot_june23/code/CurvatureEstimator.wl,29779,9ba03b8d35cd52ba047a1ce37ece6c026d2cbc8e5d23dd6838cbeffba21832d6
local_snapshot_june23/LICENSE,1104,13bd181aa62e5de166a85d0fb17c35fbc13f4390b943eb189e928e04234b1c61
README.md,826,f3a3b8ba4ba45cfb85eb9544e064d130e2ed2deabe3931d36184f073c1586315
submitted_assets/binned_estimator_vs_logK.pdf,28872,e98248fa8190c9f20e1eaf7c497ae8d17f4ed7a5a8fd058d2ad9f44db67df7ae
submitted_assets/flamm_matched_flat_common_bins.pdf,28799,9c6f3f8d1683c638d42ebd9ac412cf835db0a746f25d47f15e2ba5c877f93e2d
submitted_assets/k_sensitivity_matched_flat_flamm_N1000_errors.pdf,27538,bf3540b14a1d0e06f58469ee7504ce43fde8f7ad3918386399151bf3b1a39512
